"","G3","G22","G58","G59","G76","G82","G87","G90","G115","G162","G165","G168","G171","G174","G177","G180","G216","G277","G278","G279","G280","G282","G283","G287","G290","G316","G317","G321","G323","G325","G330","G383","G387","G391","G597","G600","G603","G606","G658","G661","G663","G665","G667","G668","G669"
"G3",1,0.395909466110974,0.401354364048238,0.404207193690382,0.36544595746161,0.41564816602644,0.396268245101759,0.368229348536231,0.411440797290764,0.426526881887693,0.367859200771101,0.366224034439383,0.420499443035308,0.371546167371681,0.397026084062655,0.425158057573362,0.389213549966302,0.45538303343488,0.376359417130611,0.416749998706449,0.42113115388297,0.413602441638124,0.410355080940022,0.424434078664393,0.341437203300327,0.406542979601925,0.368122309673442,0.323745930473755,0.359906679605101,0.353449866249402,0.37281433127237,0.38766819545813,0.345427807589065,0.413490982800413,0.425106646658097,0.460176402678279,0.646341086828465,0.466236563919861,0.426627329823375,0.401460495646184,0.420531435994974,0.40206448364357,0.403638994799674,0.458108847417913,0.430029312538916
"G22",0.395909466110974,1,0.469074577700836,0.450701208249098,0.426525174054,0.630946894927763,0.451357553822992,0.473106956707751,0.639066890633564,0.366358194257595,0.407018051242683,0.395390766212262,0.382762308540554,0.443850446748903,0.39401127905802,0.630873000898929,0.392949534768121,0.387588021964985,0.456466993980758,0.49842301993621,0.463327146690565,0.484476523529341,0.422943515722671,0.367368265562862,0.438463948651088,0.373730923819742,0.408919242896074,0.41898615872962,0.407933766022327,0.408334687001886,0.408965563248336,0.335063950742151,0.394512620245897,0.457750133650758,0.374148535086221,0.435408708687415,0.414498957605348,0.360539118382021,0.383547598542326,0.336368123942539,0.404145629017471,0.363335867567386,0.37270235852322,0.412114164061116,0.39517382952982
"G58",0.401354364048238,0.469074577700836,1,0.420291126368035,0.440330837025627,0.52464193641893,0.390833464102879,0.453770458473933,0.497251647927304,0.396563409750233,0.373854083159733,0.433715096209226,0.398315932609323,0.404795886269466,0.411391028612392,0.481608287152738,0.422439364518391,0.452543650314935,0.457716020446779,0.52389714318289,0.477547457265015,0.470410298351015,0.456670378516707,0.375286919222562,0.428107130061152,0.387131257967818,0.406783211331834,0.413729947165729,0.408597391216937,0.399047818940098,0.392428996891077,0.327572536911587,0.341094256485192,0.444453635299415,0.413917876847057,0.440005417595801,0.436437197235828,0.366200083125321,0.442245043966634,0.376926044641446,0.409313203898116,0.400325900608152,0.406270996329757,0.400429219042297,0.440210704550775
"G59",0.404207193690382,0.450701208249098,0.420291126368035,1,0.428630457758481,0.455051010023794,0.548373432485929,0.378688497692712,0.431463008726269,0.378180459143192,0.414615216407973,0.385686977428658,0.419364022194985,0.36976059305525,0.413547834955548,0.428531211196467,0.384976674626327,0.387548267128645,0.378574713928226,0.378780489312099,0.37606895210156,0.402379881992356,0.398755985846849,0.374846957513112,0.344048699335433,0.364102205189111,0.370362069592705,0.3440417172553,0.374136183578634,0.355218300326974,0.374325082638506,0.379488909361451,0.40224629923294,0.448746366920922,0.371306650501168,0.466660592843138,0.434106822447018,0.377842844958981,0.340409780378689,0.339063666578363,0.326507664788411,0.359731600311876,0.325350514473629,0.43591998358495,0.383961362508563
"G76",0.36544595746161,0.426525174054,0.440330837025627,0.428630457758481,1,0.433862584151331,0.407441330839287,0.400430073970847,0.486296178772776,0.371952735097807,0.389074013972777,0.411737182910122,0.388241392260083,0.402455243325125,0.431083184150824,0.412501195614114,0.393353026381069,0.395794754833958,0.405498896030318,0.436111042165714,0.414740551390129,0.405241339636261,0.413387986830013,0.376386115131661,0.373437936514951,0.339259485160543,0.363273043723863,0.360687956852961,0.363069472927854,0.34316988483019,0.383996085773068,0.381030548914324,0.389332953758,0.401232418239281,0.371019896095636,0.392178366047826,0.387726527189788,0.342488800041378,0.400690397854035,0.350555451344596,0.36120546076094,0.405594573200568,0.375719698976715,0.357915119664116,0.386730792633906
"G82",0.41564816602644,0.630946894927763,0.52464193641893,0.455051010023794,0.433862584151331,1,0.439332318545792,0.452091137773465,0.550515184056377,0.398859199196502,0.383337929783631,0.405916286381341,0.411521373144039,0.422467373492041,0.408770103766503,0.566987298107781,0.398150279644532,0.439485897523524,0.436201944680298,0.507432947259126,0.464460521859118,0.491891363071852,0.437602610015591,0.388759767508665,0.427780331500146,0.395220077330759,0.43772600788207,0.433097282471445,0.440440112426918,0.441407075920389,0.434168568440459,0.365618245853361,0.368937416382613,0.500291970827817,0.398749543533172,0.451514881377879,0.447903544997052,0.386200120792382,0.388004585978551,0.370042186454643,0.412606871854399,0.391570301692164,0.385087247727575,0.435561342533086,0.404141740098999
"G87",0.396268245101759,0.451357553822992,0.390833464102879,0.548373432485929,0.407441330839287,0.439332318545792,1,0.398111604094977,0.413258562454807,0.387211933573283,0.41231443681233,0.405162852695149,0.422551759781117,0.382913827471481,0.386084912569265,0.440134622781946,0.338259913692208,0.42214615437867,0.392376018216597,0.415914281562874,0.387486527335554,0.418390537468487,0.364751818434443,0.407106174038708,0.367828302206686,0.365575330531017,0.375739173204605,0.350864121670176,0.38531638127051,0.360163486150726,0.378762537767492,0.346511703377732,0.381694596578791,0.445101251254589,0.388385869791647,0.461557384547047,0.438732386140331,0.36939623971588,0.375591824036981,0.364644148249725,0.342700470956296,0.361505567217113,0.332171761822858,0.427532362949979,0.404863471539937
"G90",0.368229348536231,0.473106956707751,0.453770458473933,0.378688497692712,0.400430073970847,0.452091137773465,0.398111604094977,1,0.464102595399589,0.386816985251957,0.388142046681781,0.386737961730171,0.379649074057409,0.409892890684067,0.380114958937236,0.462145799890826,0.351234161686511,0.372449980224455,0.475738771886347,0.467811383493874,0.438704820476847,0.419702158287608,0.397741216281249,0.378436161546248,0.451773277061318,0.393096616602094,0.398647013685565,0.414663870582796,0.400316559643456,0.403139271068862,0.411619916796527,0.333216211658155,0.360273836942848,0.426146940315354,0.407638504679167,0.381915929830257,0.386165628480357,0.350396970297549,0.389966006792886,0.376279264485665,0.389605112510344,0.399720509798637,0.403193200169375,0.356660559096754,0.388545526798534
"G115",0.411440797290764,0.639066890633564,0.497251647927304,0.431463008726269,0.486296178772776,0.550515184056377,0.413258562454807,0.464102595399589,1,0.398499064675513,0.386127605079493,0.42870022055791,0.399741733695877,0.452958578248905,0.40015540121719,0.578722481640965,0.42232422781994,0.403159883423705,0.45020421780585,0.508617425489696,0.445130156389823,0.459907960983466,0.446450727136034,0.382659793692451,0.455647245353109,0.402767248104094,0.415910776512291,0.432209850527148,0.415866248112511,0.420670076760447,0.420981044062995,0.362598503829099,0.376390435537676,0.460006474790922,0.426116272693211,0.442642220994927,0.418080274436245,0.370882890923283,0.436885186561749,0.391001086666939,0.419140669814866,0.407919362127736,0.423829143379429,0.402923211334646,0.440192396287544
"G162",0.426526881887693,0.366358194257595,0.396563409750233,0.378180459143192,0.371952735097807,0.398859199196502,0.387211933573283,0.386816985251957,0.398499064675513,1,0.433150964138277,0.411867048798974,0.433492954537951,0.360132730859994,0.400748495823455,0.391183977804633,0.387370534938975,0.411445799201416,0.382526916289655,0.408876214170183,0.3875671636101,0.371654114122141,0.388320371897552,0.404521365464999,0.396597472399995,0.442361915949327,0.418166260107733,0.40878732138346,0.410212534873334,0.419065012690388,0.410920272481615,0.405050661815801,0.339066243645456,0.421432797541234,0.430576579439434,0.444004095071722,0.399451155418077,0.399702685507063,0.386994947982931,0.407405789950671,0.392888245711693,0.414727315864286,0.423351233182622,0.402753194171288,0.399712138822371
"G165",0.367859200771101,0.407018051242683,0.373854083159733,0.414615216407973,0.389074013972777,0.383337929783631,0.41231443681233,0.388142046681781,0.386127605079493,0.433150964138277,1,0.466890793217197,0.383586889303796,0.433963528717711,0.4301545966852,0.40896597238335,0.379261915876147,0.367398990520181,0.409531014678257,0.409101609247846,0.387667826800432,0.401447224622014,0.380469670268384,0.348090909482852,0.414261367097217,0.362109274881958,0.365399150249933,0.412390045588087,0.377975895300824,0.399271941369109,0.37211904303122,0.417122590229556,0.398045061516788,0.417895386725595,0.329568236881937,0.398626950649295,0.37086958702066,0.386381999440352,0.400316559643456,0.331310880341059,0.386882744577529,0.390284806410793,0.364587512910685,0.401220754062189,0.386812913903179
"G168",0.366224034439383,0.395390766212262,0.433715096209226,0.385686977428658,0.411737182910122,0.405916286381341,0.405162852695149,0.386737961730171,0.42870022055791,0.411867048798974,0.466890793217197,1,0.452365906124177,0.427143671641403,0.399697956340678,0.416642895661578,0.371293205012729,0.399791743175941,0.42031919198713,0.42111263226931,0.390554067982991,0.40309355629026,0.397781448672738,0.400384639251721,0.431163442559254,0.403453196108006,0.40031028616902,0.461952950073379,0.428821469436744,0.443002495997595,0.412485333601633,0.410755771018616,0.392017102697093,0.418631002934511,0.405256634215247,0.418731381657971,0.39407000174055,0.371605417157707,0.454493336997755,0.350404094643762,0.400989432737564,0.402026562531594,0.393545500120951,0.388903673918591,0.406824309634571
"G171",0.420499443035308,0.382762308540554,0.398315932609323,0.419364022194985,0.388241392260083,0.411521373144039,0.422551759781117,0.379649074057409,0.399741733695877,0.433492954537951,0.383586889303796,0.452365906124177,1,0.45382762467707,0.379588953795026,0.427191652405042,0.366978060061708,0.48328032250886,0.46468207131337,0.409059845216925,0.446278504057289,0.425851172418988,0.410771756888199,0.451517097018197,0.396013758662705,0.531334860280266,0.541257946946998,0.477719420064807,0.525188917847333,0.510678084286907,0.508059135714984,0.392613471471586,0.406600542754832,0.446333094986633,0.503773259136476,0.450061237968371,0.448540363163475,0.409696344200691,0.448189114951532,0.422419251651817,0.403276825098955,0.436213020684448,0.41082676815295,0.436474512014092,0.395917113149774
"G174",0.371546167371681,0.443850446748903,0.404795886269466,0.36976059305525,0.402455243325125,0.422467373492041,0.382913827471481,0.409892890684067,0.452958578248905,0.360132730859994,0.433963528717711,0.427143671641403,0.45382762467707,1,0.386480983538799,0.472075693415781,0.374653748305136,0.421029918426272,0.49102227747119,0.404839488242765,0.423918242469663,0.414458772576836,0.400079154927267,0.41789814066494,0.459609306529282,0.466859677666593,0.504257062357739,0.49672777866209,0.48037916436408,0.462584274560196,0.449982382241295,0.374820692646067,0.422481823210724,0.423196086055549,0.439952888910285,0.404928474717847,0.418233852465971,0.379017957857008,0.4634935719986,0.389955286298082,0.42938449644117,0.437202536539245,0.417776783268291,0.420751449130322,0.407793104236657
"G177",0.397026084062655,0.39401127905802,0.411391028612392,0.413547834955548,0.431083184150824,0.408770103766503,0.386084912569265,0.380114958937236,0.40015540121719,0.400748495823455,0.4301545966852,0.399697956340678,0.379588953795026,0.386480983538799,1,0.391369244906621,0.371733343039707,0.414566350352549,0.402930282075857,0.408233461752814,0.399955605430875,0.395402898386452,0.397723074364325,0.411464647814792,0.379450705495804,0.347068637909706,0.358174812624109,0.378454822269371,0.345409767798951,0.357853488120791,0.336751037896852,0.409983846433128,0.382580886657565,0.419409616776679,0.36955341534028,0.446002767266582,0.442273951979617,0.41052720459071,0.421126947883092,0.369172860469649,0.38982791739953,0.416205066450942,0.423042543402316,0.419600856208759,0.409888043288178
"G180",0.425158057573362,0.630873000898929,0.481608287152738,0.428531211196467,0.412501195614114,0.566987298107781,0.440134622781946,0.462145799890826,0.578722481640965,0.391183977804633,0.40896597238335,0.416642895661578,0.427191652405042,0.472075693415781,0.391369244906621,1,0.409574056793591,0.426204289867842,0.498803826041719,0.509532492784162,0.509855205995977,0.50225418169497,0.433223128238089,0.408679042030023,0.469758186233388,0.431412832622407,0.457364446416552,0.472533547137161,0.459614981643761,0.451111841533002,0.44781149905573,0.363185855336724,0.390529529104053,0.49940071892194,0.431080844613886,0.463765505032575,0.478549560370098,0.432260911749356,0.440904889322943,0.390258810837864,0.458239188023184,0.436910738354829,0.437470121754985,0.480570546107671,0.473273406386841
"G216",0.389213549966302,0.392949534768121,0.422439364518391,0.384976674626327,0.393353026381069,0.398150279644532,0.338259913692208,0.351234161686511,0.42232422781994,0.387370534938975,0.379261915876147,0.371293205012729,0.366978060061708,0.374653748305136,0.371733343039707,0.409574056793591,1,0.374620007051641,0.376791741230767,0.39382373485138,0.395997051152459,0.389074575820562,0.698707814231446,0.368617856720106,0.335128385651868,0.346776017984162,0.331740165861764,0.351275653574504,0.348157753031319,0.335237700581116,0.348477406688732,0.355968066177658,0.386579945227093,0.446342999252842,0.361920286652767,0.395390766212262,0.391236668736614,0.340709018200871,0.36529712980273,0.36310226680032,0.370664210527002,0.360473619712569,0.365337365566916,0.353496151668731,0.393215637209781
"G277",0.45538303343488,0.387588021964985,0.452543650314935,0.387548267128645,0.395794754833958,0.439485897523524,0.42214615437867,0.372449980224455,0.403159883423705,0.411445799201416,0.367398990520181,0.399791743175941,0.48328032250886,0.421029918426272,0.414566350352549,0.426204289867842,0.374620007051641,1,0.454030669205214,0.447889238527919,0.449413643262388,0.435662152079503,0.422495932922723,0.453384266884018,0.386086704099251,0.47613664971376,0.452615449529399,0.399681866361527,0.446718450882868,0.434862985674058,0.409022825704194,0.373702896369859,0.338717874705245,0.422467797840983,0.466308498699076,0.453251329652159,0.481782852453869,0.443437752377268,0.441481383182918,0.419890574022638,0.418449938905007,0.412320394051388,0.426460665323596,0.451307729980559,0.4279763814634
"G278",0.376359417130611,0.456466993980758,0.457716020446779,0.378574713928226,0.405498896030318,0.436201944680298,0.392376018216597,0.475738771886347,0.45020421780585,0.382526916289655,0.409531014678257,0.42031919198713,0.46468207131337,0.49102227747119,0.402930282075857,0.498803826041719,0.376791741230767,0.454030669205214,1,0.479164857221198,0.506250865869973,0.486978483273229,0.416986229013872,0.431998266734821,0.488551608307993,0.472448075023287,0.480930563344234,0.489373074738602,0.459467769692894,0.45192373076439,0.450476241486944,0.374012408177064,0.396334771835175,0.437438047545777,0.448939141515696,0.426776421177714,0.432364215740182,0.410616412855213,0.475650991236668,0.395294565367029,0.423390691034668,0.447161021428526,0.447326805662012,0.417170851259868,0.41180169928309
"G279",0.416749998706449,0.49842301993621,0.52389714318289,0.378780489312099,0.436111042165714,0.507432947259126,0.415914281562874,0.467811383493874,0.508617425489696,0.408876214170183,0.409101609247846,0.42111263226931,0.409059845216925,0.404839488242765,0.408233461752814,0.509532492784162,0.39382373485138,0.447889238527919,0.479164857221198,1,0.614288160878148,0.624283997109525,0.434834951199682,0.392098898861374,0.472651926599276,0.396240369269686,0.41826947914978,0.443026950290959,0.435776809301296,0.458378598243927,0.422692486412254,0.343629946413826,0.342963503506678,0.455027107420043,0.422664477378687,0.436091067091622,0.427557837318909,0.3761000591929,0.471540449471375,0.381365100387208,0.446734280872024,0.400876446796522,0.44175780432641,0.402647186518629,0.460637537015511
"G280",0.42113115388297,0.463327146690565,0.477547457265015,0.37606895210156,0.414740551390129,0.464460521859118,0.387486527335554,0.438704820476847,0.445130156389823,0.3875671636101,0.387667826800432,0.390554067982991,0.446278504057289,0.423918242469663,0.399955605430875,0.509855205995977,0.395997051152459,0.449413643262388,0.506250865869973,0.614288160878148,1,0.591469589157608,0.440597153490108,0.403253030555959,0.450371439193717,0.451377026701219,0.460918479853973,0.456620538326884,0.446288584112264,0.449788373927924,0.436293653453229,0.361173073401877,0.381993438764908,0.438383834616925,0.458437609727542,0.422279607069941,0.431731582715667,0.384853632623514,0.45779688224126,0.396154050385195,0.461739106871104,0.413829533271479,0.44316496511024,0.419133714494575,0.449198065334546
"G282",0.413602441638124,0.484476523529341,0.470410298351015,0.402379881992356,0.405241339636261,0.491891363071852,0.418390537468487,0.419702158287608,0.459907960983466,0.371654114122141,0.401447224622014,0.40309355629026,0.425851172418988,0.414458772576836,0.395402898386452,0.50225418169497,0.389074575820562,0.435662152079503,0.486978483273229,0.624283997109525,0.591469589157608,1,0.442166732267105,0.394881434542891,0.42531739789019,0.407432583632565,0.428523521171992,0.443483014294724,0.422327825977263,0.436013867951652,0.418199226108559,0.363117611313805,0.381927834860579,0.457247367965461,0.425452876860837,0.444597049082201,0.436768842802781,0.388063712942699,0.453376682866251,0.357718947734093,0.437019857973476,0.384958486847914,0.412822615656315,0.421804291392499,0.448149393239834
"G283",0.410355080940022,0.422943515722671,0.456670378516707,0.398755985846849,0.413387986830013,0.437602610015591,0.364751818434443,0.397741216281249,0.446450727136034,0.388320371897552,0.380469670268384,0.397781448672738,0.410771756888199,0.400079154927267,0.397723074364325,0.433223128238089,0.698707814231446,0.422495932922723,0.416986229013872,0.434834951199682,0.440597153490108,0.442166732267105,1,0.400101792271791,0.35965427135744,0.367199502649422,0.360823895644046,0.370089919819809,0.358970806701052,0.358746622810242,0.355679982810351,0.351082865789083,0.398913465215044,0.453998199061705,0.386993458230129,0.416692055427964,0.427452990996041,0.351854109460834,0.394389922564466,0.38579612037142,0.39065702998023,0.368510998107375,0.391586417291775,0.370808357222428,0.402773650029537
"G287",0.424434078664393,0.367368265562862,0.375286919222562,0.374846957513112,0.376386115131661,0.388759767508665,0.407106174038708,0.378436161546248,0.382659793692451,0.404521365464999,0.348090909482852,0.400384639251721,0.451517097018197,0.41789814066494,0.411464647814792,0.408679042030023,0.368617856720106,0.453384266884018,0.431998266734821,0.392098898861374,0.403253030555959,0.394881434542891,0.400101792271791,1,0.377012645285487,0.473076449183449,0.454461655087399,0.40436914166324,0.439641241716973,0.407769586632899,0.423335727807939,0.398188050427023,0.358357724327505,0.443821639823043,0.490711895514176,0.474935020688377,0.462494111699829,0.436823475050564,0.407107418906559,0.488303377777878,0.405686705346934,0.431479401373319,0.449499397520091,0.443290179077032,0.394722900186262
"G290",0.341437203300327,0.438463948651088,0.428107130061152,0.344048699335433,0.373437936514951,0.427780331500146,0.367828302206686,0.451773277061318,0.455647245353109,0.396597472399995,0.414261367097217,0.431163442559254,0.396013758662705,0.459609306529282,0.379450705495804,0.469758186233388,0.335128385651868,0.386086704099251,0.488551608307993,0.472651926599276,0.450371439193717,0.42531739789019,0.35965427135744,0.377012645285487,1,0.426358296463986,0.457687070189032,0.529422922286209,0.456138911374485,0.496810637420516,0.457282340146207,0.425891523358757,0.341648213147307,0.436209334389603,0.443612736483292,0.410739779384485,0.377989802813372,0.373537397942566,0.46789142566228,0.375497002082593,0.436652117291428,0.435072795561257,0.463624027540287,0.373934638232746,0.436689058388112
"G316",0.406542979601925,0.373730923819742,0.387131257967818,0.364102205189111,0.339259485160543,0.395220077330759,0.365575330531017,0.393096616602094,0.402767248104094,0.442361915949327,0.362109274881958,0.403453196108006,0.531334860280266,0.466859677666593,0.347068637909706,0.431412832622407,0.346776017984162,0.47613664971376,0.472448075023287,0.396240369269686,0.451377026701219,0.407432583632565,0.367199502649422,0.473076449183449,0.426358296463986,1,0.648001609131823,0.554604512167622,0.625375891320439,0.549878212487636,0.547664750989296,0.403273383994708,0.385748843854944,0.434142973219134,0.601641437331725,0.442003486880542,0.410790064954565,0.414360518335323,0.451976539776097,0.461466820324401,0.401471618398212,0.447673094378525,0.462652831598173,0.444399958378331,0.4169082384405
"G317",0.368122309673442,0.408919242896074,0.406783211331834,0.370362069592705,0.363273043723863,0.43772600788207,0.375739173204605,0.398647013685565,0.415910776512291,0.418166260107733,0.365399150249933,0.40031028616902,0.541257946946998,0.504257062357739,0.358174812624109,0.457364446416552,0.331740165861764,0.452615449529399,0.480930563344234,0.41826947914978,0.460918479853973,0.428523521171992,0.360823895644046,0.454461655087399,0.457687070189032,0.648001609131823,1,0.64409178670107,0.712423618257582,0.606584407451816,0.598895502675035,0.401756958383881,0.37867869521912,0.43441286950202,0.549564678293643,0.443319851688273,0.421497754531177,0.403476334401271,0.453229919038963,0.437090176067678,0.427540911072735,0.466879754338134,0.463074746107766,0.453990859818542,0.388961420028081
"G321",0.323745930473755,0.41898615872962,0.413729947165729,0.3440417172553,0.360687956852961,0.433097282471445,0.350864121670176,0.414663870582796,0.432209850527148,0.40878732138346,0.412390045588087,0.461952950073379,0.477719420064807,0.49672777866209,0.378454822269371,0.472533547137161,0.351275653574504,0.399681866361527,0.489373074738602,0.443026950290959,0.456620538326884,0.443483014294724,0.370089919819809,0.40436914166324,0.529422922286209,0.554604512167622,0.64409178670107,1,0.644483187936904,0.684559851061744,0.566958580881109,0.410540343562713,0.380517989136537,0.434969813434069,0.48870316399568,0.38984546448139,0.359931498593363,0.379252471990614,0.437557332232376,0.383110453658962,0.431911531174298,0.456738221597901,0.453088229197906,0.388793813674073,0.419403345788059
"G323",0.359906679605101,0.407933766022327,0.408597391216937,0.374136183578634,0.363069472927854,0.440440112426918,0.38531638127051,0.400316559643456,0.415866248112511,0.410212534873334,0.377975895300824,0.428821469436744,0.525188917847333,0.48037916436408,0.345409767798951,0.459614981643761,0.348157753031319,0.446718450882868,0.459467769692894,0.435776809301296,0.446288584112264,0.422327825977263,0.358970806701052,0.439641241716973,0.456138911374485,0.625375891320439,0.712423618257582,0.644483187936904,1,0.658860777698829,0.625456423212714,0.415228793166861,0.354965888017351,0.444288768471278,0.526933045801188,0.428215088957286,0.39655034040121,0.384469763627871,0.437592833438609,0.41500806085701,0.40312904835937,0.436654621817833,0.437487187517793,0.423650204296546,0.404465274645035
"G325",0.353449866249402,0.408334687001886,0.399047818940098,0.355218300326974,0.34316988483019,0.441407075920389,0.360163486150726,0.403139271068862,0.420670076760447,0.419065012690388,0.399271941369109,0.443002495997595,0.510678084286907,0.462584274560196,0.357853488120791,0.451111841533002,0.335237700581116,0.434862985674058,0.45192373076439,0.458378598243927,0.449788373927924,0.436013867951652,0.358746622810242,0.407769586632899,0.496810637420516,0.549878212487636,0.606584407451816,0.684559851061744,0.658860777698829,1,0.603391974419778,0.408547732804448,0.350658267317626,0.426218078212097,0.502814658469098,0.400488208447741,0.385376840733302,0.403958298562425,0.419538586461516,0.388769898956436,0.411361267202659,0.414023688749029,0.424096039984037,0.409845565559033,0.401359911087859
"G330",0.37281433127237,0.408965563248336,0.392428996891077,0.374325082638506,0.383996085773068,0.434168568440459,0.378762537767492,0.411619916796527,0.420981044062995,0.410920272481615,0.37211904303122,0.412485333601633,0.508059135714984,0.449982382241295,0.336751037896852,0.44781149905573,0.348477406688732,0.409022825704194,0.450476241486944,0.422692486412254,0.436293653453229,0.418199226108559,0.355679982810351,0.423335727807939,0.457282340146207,0.547664750989296,0.598895502675035,0.566958580881109,0.625456423212714,0.603391974419778,1,0.407377003242886,0.35830660814326,0.444050068836753,0.491651182016088,0.412609068658584,0.391535836831059,0.385355815664696,0.425383511786225,0.386568729748243,0.392847604967644,0.47158118470452,0.419029506264712,0.407839729376746,0.396518323548542
"G383",0.38766819545813,0.335063950742151,0.327572536911587,0.379488909361451,0.381030548914324,0.365618245853361,0.346511703377732,0.333216211658155,0.362598503829099,0.405050661815801,0.417122590229556,0.410755771018616,0.392613471471586,0.374820692646067,0.409983846433128,0.363185855336724,0.355968066177658,0.373702896369859,0.374012408177064,0.343629946413826,0.361173073401877,0.363117611313805,0.351082865789083,0.398188050427023,0.425891523358757,0.403273383994708,0.401756958383881,0.410540343562713,0.415228793166861,0.408547732804448,0.407377003242886,1,0.358319941770388,0.42575322075123,0.383221950410949,0.4343248568442,0.395652822660767,0.418228732272345,0.380761680657065,0.384800730005734,0.372401748212605,0.378939881281337,0.385094144573578,0.411170082722053,0.372363730130824
"G387",0.345427807589065,0.394512620245897,0.341094256485192,0.40224629923294,0.389332953758,0.368937416382613,0.381694596578791,0.360273836942848,0.376390435537676,0.339066243645456,0.398045061516788,0.392017102697093,0.406600542754832,0.422481823210724,0.382580886657565,0.390529529104053,0.386579945227093,0.338717874705245,0.396334771835175,0.342963503506678,0.381993438764908,0.381927834860579,0.398913465215044,0.358357724327505,0.341648213147307,0.385748843854944,0.37867869521912,0.380517989136537,0.354965888017351,0.350658267317626,0.35830660814326,0.358319941770388,1,0.372791170223929,0.390602305197073,0.365118839119752,0.354490261266699,0.326372678740518,0.390642632188559,0.363828370022166,0.369671215961573,0.382638824866221,0.345235003099447,0.370414129903578,0.357514815122393
"G391",0.413490982800413,0.457750133650758,0.444453635299415,0.448746366920922,0.401232418239281,0.500291970827817,0.445101251254589,0.426146940315354,0.460006474790922,0.421432797541234,0.417895386725595,0.418631002934511,0.446333094986633,0.423196086055549,0.419409616776679,0.49940071892194,0.446342999252842,0.422467797840983,0.437438047545777,0.455027107420043,0.438383834616925,0.457247367965461,0.453998199061705,0.443821639823043,0.436209334389603,0.434142973219134,0.43441286950202,0.434969813434069,0.444288768471278,0.426218078212097,0.444050068836753,0.42575322075123,0.372791170223929,1,0.431066089477402,0.503847522231905,0.459317527219114,0.430193246771465,0.438602817992586,0.403270288831631,0.424449268494381,0.436444227519891,0.448888185740485,0.473778038612031,0.444693795270219
"G597",0.425106646658097,0.374148535086221,0.413917876847057,0.371306650501168,0.371019896095636,0.398749543533172,0.388385869791647,0.407638504679167,0.426116272693211,0.430576579439434,0.329568236881937,0.405256634215247,0.503773259136476,0.439952888910285,0.36955341534028,0.431080844613886,0.361920286652767,0.466308498699076,0.448939141515696,0.422664477378687,0.458437609727542,0.425452876860837,0.386993458230129,0.490711895514176,0.443612736483292,0.601641437331725,0.549564678293643,0.48870316399568,0.526933045801188,0.502814658469098,0.491651182016088,0.383221950410949,0.390602305197073,0.431066089477402,1,0.438288016045958,0.423561782807447,0.414088265471914,0.451207858333036,0.599979326562769,0.434522267110119,0.445644095085044,0.483002483409442,0.433670591983348,0.475502030296499
"G600",0.460176402678279,0.435408708687415,0.440005417595801,0.466660592843138,0.392178366047826,0.451514881377879,0.461557384547047,0.381915929830257,0.442642220994927,0.444004095071722,0.398626950649295,0.418731381657971,0.450061237968371,0.404928474717847,0.446002767266582,0.463765505032575,0.395390766212262,0.453251329652159,0.426776421177714,0.436091067091622,0.422279607069941,0.444597049082201,0.416692055427964,0.474935020688377,0.410739779384485,0.442003486880542,0.443319851688273,0.38984546448139,0.428215088957286,0.400488208447741,0.412609068658584,0.4343248568442,0.365118839119752,0.503847522231905,0.438288016045958,1,0.564434850546452,0.492253568106995,0.436740648447056,0.409312668269763,0.43568935317573,0.440636167065625,0.442527705170449,0.563186346068733,0.449830229957191
"G603",0.646341086828465,0.414498957605348,0.436437197235828,0.434106822447018,0.387726527189788,0.447903544997052,0.438732386140331,0.386165628480357,0.418080274436245,0.399451155418077,0.37086958702066,0.39407000174055,0.448540363163475,0.418233852465971,0.442273951979617,0.478549560370098,0.391236668736614,0.481782852453869,0.432364215740182,0.427557837318909,0.431731582715667,0.436768842802781,0.427452990996041,0.462494111699829,0.377989802813372,0.410790064954565,0.421497754531177,0.359931498593363,0.39655034040121,0.385376840733302,0.391535836831059,0.395652822660767,0.354490261266699,0.459317527219114,0.423561782807447,0.564434850546452,1,0.51117788281882,0.459183878645581,0.402707914086091,0.43644500071312,0.422425951627867,0.417583137512828,0.539194766289885,0.438799424214496
"G606",0.466236563919861,0.360539118382021,0.366200083125321,0.377842844958981,0.342488800041378,0.386200120792382,0.36939623971588,0.350396970297549,0.370882890923283,0.399702685507063,0.386381999440352,0.371605417157707,0.409696344200691,0.379017957857008,0.41052720459071,0.432260911749356,0.340709018200871,0.443437752377268,0.410616412855213,0.3761000591929,0.384853632623514,0.388063712942699,0.351854109460834,0.436823475050564,0.373537397942566,0.414360518335323,0.403476334401271,0.379252471990614,0.384469763627871,0.403958298562425,0.385355815664696,0.418228732272345,0.326372678740518,0.430193246771465,0.414088265471914,0.492253568106995,0.51117788281882,1,0.403058071050946,0.405024366888858,0.432294833010562,0.423742959305535,0.423520228537781,0.592889310562344,0.437064406158441
"G658",0.426627329823375,0.383547598542326,0.442245043966634,0.340409780378689,0.400690397854035,0.388004585978551,0.375591824036981,0.389966006792886,0.436885186561749,0.386994947982931,0.400316559643456,0.454493336997755,0.448189114951532,0.4634935719986,0.421126947883092,0.440904889322943,0.36529712980273,0.441481383182918,0.475650991236668,0.471540449471375,0.45779688224126,0.453376682866251,0.394389922564466,0.407107418906559,0.46789142566228,0.451976539776097,0.453229919038963,0.437557332232376,0.437592833438609,0.419538586461516,0.425383511786225,0.380761680657065,0.390642632188559,0.438602817992586,0.451207858333036,0.436740648447056,0.459183878645581,0.403058071050946,1,0.39585348418007,0.450990809388798,0.464338801352635,0.463999965208922,0.416068831319908,0.447585534934088
"G661",0.401460495646184,0.336368123942539,0.376926044641446,0.339063666578363,0.350555451344596,0.370042186454643,0.364644148249725,0.376279264485665,0.391001086666939,0.407405789950671,0.331310880341059,0.350404094643762,0.422419251651817,0.389955286298082,0.369172860469649,0.390258810837864,0.36310226680032,0.419890574022638,0.395294565367029,0.381365100387208,0.396154050385195,0.357718947734093,0.38579612037142,0.488303377777878,0.375497002082593,0.461466820324401,0.437090176067678,0.383110453658962,0.41500806085701,0.388769898956436,0.386568729748243,0.384800730005734,0.363828370022166,0.403270288831631,0.599979326562769,0.409312668269763,0.402707914086091,0.405024366888858,0.39585348418007,1,0.396487247627341,0.392951574706582,0.44125161314967,0.385599123077742,0.408461528590156
"G663",0.420531435994974,0.404145629017471,0.409313203898116,0.326507664788411,0.36120546076094,0.412606871854399,0.342700470956296,0.389605112510344,0.419140669814866,0.392888245711693,0.386882744577529,0.400989432737564,0.403276825098955,0.42938449644117,0.38982791739953,0.458239188023184,0.370664210527002,0.418449938905007,0.423390691034668,0.446734280872024,0.461739106871104,0.437019857973476,0.39065702998023,0.405686705346934,0.436652117291428,0.401471618398212,0.427540911072735,0.431911531174298,0.40312904835937,0.411361267202659,0.392847604967644,0.372401748212605,0.369671215961573,0.424449268494381,0.434522267110119,0.43568935317573,0.43644500071312,0.432294833010562,0.450990809388798,0.396487247627341,1,0.4967032069173,0.495812941039313,0.460697904557125,0.44462306477212
"G665",0.40206448364357,0.363335867567386,0.400325900608152,0.359731600311876,0.405594573200568,0.391570301692164,0.361505567217113,0.399720509798637,0.407919362127736,0.414727315864286,0.390284806410793,0.402026562531594,0.436213020684448,0.437202536539245,0.416205066450942,0.436910738354829,0.360473619712569,0.412320394051388,0.447161021428526,0.400876446796522,0.413829533271479,0.384958486847914,0.368510998107375,0.431479401373319,0.435072795561257,0.447673094378525,0.466879754338134,0.456738221597901,0.436654621817833,0.414023688749029,0.47158118470452,0.378939881281337,0.382638824866221,0.436444227519891,0.445644095085044,0.440636167065625,0.422425951627867,0.423742959305535,0.464338801352635,0.392951574706582,0.4967032069173,1,0.532494160038139,0.443718206468236,0.438898258035885
"G667",0.403638994799674,0.37270235852322,0.406270996329757,0.325350514473629,0.375719698976715,0.385087247727575,0.332171761822858,0.403193200169375,0.423829143379429,0.423351233182622,0.364587512910685,0.393545500120951,0.41082676815295,0.417776783268291,0.423042543402316,0.437470121754985,0.365337365566916,0.426460665323596,0.447326805662012,0.44175780432641,0.44316496511024,0.412822615656315,0.391586417291775,0.449499397520091,0.463624027540287,0.462652831598173,0.463074746107766,0.453088229197906,0.437487187517793,0.424096039984037,0.419029506264712,0.385094144573578,0.345235003099447,0.448888185740485,0.483002483409442,0.442527705170449,0.417583137512828,0.423520228537781,0.463999965208922,0.44125161314967,0.495812941039313,0.532494160038139,1,0.44405334580005,0.474237290760911
"G668",0.458108847417913,0.412114164061116,0.400429219042297,0.43591998358495,0.357915119664116,0.435561342533086,0.427532362949979,0.356660559096754,0.402923211334646,0.402753194171288,0.401220754062189,0.388903673918591,0.436474512014092,0.420751449130322,0.419600856208759,0.480570546107671,0.353496151668731,0.451307729980559,0.417170851259868,0.402647186518629,0.419133714494575,0.421804291392499,0.370808357222428,0.443290179077032,0.373934638232746,0.444399958378331,0.453990859818542,0.388793813674073,0.423650204296546,0.409845565559033,0.407839729376746,0.411170082722053,0.370414129903578,0.473778038612031,0.433670591983348,0.563186346068733,0.539194766289885,0.592889310562344,0.416068831319908,0.385599123077742,0.460697904557125,0.443718206468236,0.44405334580005,1,0.45700630979999
"G669",0.430029312538916,0.39517382952982,0.440210704550775,0.383961362508563,0.386730792633906,0.404141740098999,0.404863471539937,0.388545526798534,0.440192396287544,0.399712138822371,0.386812913903179,0.406824309634571,0.395917113149774,0.407793104236657,0.409888043288178,0.473273406386841,0.393215637209781,0.4279763814634,0.41180169928309,0.460637537015511,0.449198065334546,0.448149393239834,0.402773650029537,0.394722900186262,0.436689058388112,0.4169082384405,0.388961420028081,0.419403345788059,0.404465274645035,0.401359911087859,0.396518323548542,0.372363730130824,0.357514815122393,0.444693795270219,0.475502030296499,0.449830229957191,0.438799424214496,0.437064406158441,0.447585534934088,0.408461528590156,0.44462306477212,0.438898258035885,0.474237290760911,0.45700630979999,1
